{
  "swagger": "2.0",
  "info": {
    "title": "app/business/api/v1/purchase_order/write.proto",
    "version": "version not set"
  },
  "tags": [
    {
      "name": "Write"
    }
  ],
  "consumes": [
    "application/json"
  ],
  "produces": [
    "application/json"
  ],
  "paths": {
    "/business/purchase_order": {
      "post": {
        "summary": "新建采购.",
        "description": "产品采购",
        "operationId": "PostPurchaseOrderStore",
        "responses": {
          "200": {
            "description": "A successful response.",
            "schema": {
              "$ref": "#/definitions/purchase_orderStoreReply"
            }
          },
          "default": {
            "description": "An unexpected error response.",
            "schema": {
              "$ref": "#/definitions/rpcStatus"
            }
          }
        },
        "parameters": [
          {
            "name": "body",
            "in": "body",
            "required": true,
            "schema": {
              "$ref": "#/definitions/purchase_orderStoreRequest"
            }
          }
        ],
        "tags": [
          "采购模块"
        ]
      }
    },
    "/business/purchase_order/{id}": {
      "put": {
        "summary": "采购更新.",
        "description": "产品采购",
        "operationId": "GetPurchaseOrderDetail",
        "responses": {
          "200": {
            "description": "A successful response.",
            "schema": {
              "$ref": "#/definitions/purchase_orderUpdateReply"
            }
          },
          "default": {
            "description": "An unexpected error response.",
            "schema": {
              "$ref": "#/definitions/rpcStatus"
            }
          }
        },
        "parameters": [
          {
            "name": "id",
            "description": "采购ID",
            "in": "path",
            "required": true,
            "type": "integer",
            "format": "int64"
          },
          {
            "name": "body",
            "in": "body",
            "required": true,
            "schema": {
              "type": "object",
              "properties": {
                "product_name": {
                  "type": "string",
                  "description": "产品名称",
                  "title": "@inject_tag:validate:\"required\" attribute:\"产品名称\""
                },
                "contract": {
                  "$ref": "#/definitions/purchase_orderContract",
                  "description": "合同信息",
                  "title": "@inject_tag:validate:\"required\" attribute:\"合同信息\""
                }
              }
            }
          }
        ],
        "tags": [
          "采购模块"
        ]
      }
    }
  },
  "definitions": {
    "protobufAny": {
      "type": "object",
      "properties": {
        "type_url": {
          "type": "string"
        },
        "value": {
          "type": "string",
          "format": "byte"
        }
      }
    },
    "purchase_orderContract": {
      "type": "object",
      "properties": {
        "id": {
          "type": "integer",
          "format": "int64",
          "description": "合同ID"
        },
        "sn": {
          "type": "string",
          "description": "合同编号"
        },
        "status": {
          "type": "integer",
          "format": "int32",
          "description": "审核状态"
        },
        "created_at": {
          "type": "string",
          "description": "创建时间"
        },
        "updated_at": {
          "type": "string",
          "description": "更新时间"
        },
        "details": {
          "type": "array",
          "items": {
            "$ref": "#/definitions/purchase_orderContractDetail"
          },
          "description": "详情列表"
        }
      }
    },
    "purchase_orderContractDetail": {
      "type": "object",
      "properties": {
        "id": {
          "type": "integer",
          "format": "int64",
          "description": "合同详情ID"
        },
        "num": {
          "type": "number",
          "format": "double",
          "description": "产品数量"
        },
        "price": {
          "type": "number",
          "format": "double",
          "description": "产品价格"
        },
        "product_id": {
          "type": "integer",
          "format": "int64",
          "description": "产品ID"
        }
      }
    },
    "purchase_orderOrder": {
      "type": "object",
      "properties": {
        "id": {
          "type": "integer",
          "format": "int64",
          "description": "采购单ID"
        },
        "sn": {
          "type": "string",
          "description": "采购单号"
        },
        "account_id": {
          "type": "integer",
          "format": "int32",
          "description": "提交人ID"
        },
        "audit_account_id": {
          "type": "integer",
          "format": "int32",
          "description": "审核人ID"
        },
        "status": {
          "type": "integer",
          "format": "int32",
          "description": "审核状态"
        },
        "created_at": {
          "type": "string",
          "description": "创建时间"
        },
        "updated_at": {
          "type": "string",
          "description": "更新时间"
        },
        "contract": {
          "$ref": "#/definitions/purchase_orderContract",
          "description": "采购合同"
        }
      }
    },
    "purchase_orderStoreReply": {
      "type": "object",
      "properties": {
        "purchase_order": {
          "$ref": "#/definitions/purchase_orderOrder",
          "description": "订单信息"
        }
      }
    },
    "purchase_orderStoreRequest": {
      "type": "object",
      "properties": {
        "product_name": {
          "type": "string",
          "description": "产品名称",
          "title": "@inject_tag:validate:\"required\" attribute:\"产品名称\""
        },
        "contract": {
          "$ref": "#/definitions/purchase_orderContract",
          "description": "合同信息",
          "title": "@inject_tag:validate:\"required\" attribute:\"合同信息\""
        }
      }
    },
    "purchase_orderUpdateReply": {
      "type": "object",
      "properties": {
        "purchase_order": {
          "$ref": "#/definitions/purchase_orderOrder",
          "description": "订单信息"
        }
      }
    },
    "rpcStatus": {
      "type": "object",
      "properties": {
        "code": {
          "type": "integer",
          "format": "int32"
        },
        "message": {
          "type": "string"
        },
        "details": {
          "type": "array",
          "items": {
            "$ref": "#/definitions/protobufAny"
          }
        }
      }
    }
  }
}
